,EmployeeID,average_m_rating
0,1,3.0
1,2,3.0
2,3,3.0
3,4,2.5
4,5,3.0
5,6,3.0
6,7,3.5
7,8,3.5
8,9,3.5
9,10,3.0
10,11,2.5
11,12,3.0
12,13,3.0
13,14,2.5
14,15,3.0
15,16,3.0
16,17,2.5
17,18,3.0
18,19,2.5
19,20,3.0
20,21,3.0
21,22,3.0
22,23,3.0
23,24,2.0
24,25,3.0
25,26,3.0
26,27,3.5
27,28,3.0
28,29,2.5
29,30,2.5
30,31,2.5
31,32,2.5
32,33,3.0
33,34,3.0
34,35,3.0
35,36,3.0
36,37,3.0
37,38,3.0
38,39,2.5
39,40,2.5
40,41,2.5
41,42,2.5
42,43,3.0
43,44,3.0
44,45,3.0
45,46,3.0
46,47,3.5
47,48,3.5
48,49,3.5
49,50,2.5
50,51,2.5
51,52,2.5
52,53,3.5
53,54,3.0
54,55,3.0
55,56,3.0
56,57,3.5
57,58,3.0
58,59,3.5
59,60,3.0
60,61,3.5
61,62,3.5
62,63,3.5
63,64,3.5
64,65,3.0
65,66,2.5
66,67,3.0
67,68,2.5
68,69,3.0
69,70,3.0
70,71,3.0
71,72,4.0
72,73,3.0
73,74,3.0
74,75,3.0
75,76,3.5
76,77,3.0
77,78,3.0
78,79,3.0
79,80,3.5
80,81,2.5
81,82,2.5
82,83,3.0
83,84,3.0
84,85,3.0
85,86,3.0
86,87,3.5
87,88,3.0
88,89,3.0
89,90,3.5
90,91,2.5
91,92,3.0
92,93,2.5
93,94,3.0
94,95,2.5
95,96,3.0
96,97,3.5
97,98,3.0
98,99,3.0
99,100,2.5
100,101,2.5
101,102,3.0
102,103,2.0
103,104,3.0
104,105,2.0
105,106,2.5
106,107,3.5
107,108,3.0
108,109,3.5
109,110,3.0
110,111,3.0
111,112,3.5
112,113,3.0
113,114,3.5
114,115,3.0
115,116,3.0
116,117,2.5
117,118,3.0
118,119,3.5
119,120,3.0
120,121,3.5
121,122,3.0
122,123,3.0
123,124,3.0
124,125,3.0
125,126,2.5
126,127,3.0
127,128,2.5
128,129,3.0
129,130,2.5
130,131,2.5
131,132,2.5
132,133,3.0
133,134,2.5
134,135,3.0
135,136,3.5
136,137,2.5
137,138,2.5
138,139,3.0
139,140,3.5
140,141,3.0
141,142,3.0
142,143,2.5
143,144,3.0
144,145,3.0
145,146,2.5
146,147,2.5
147,148,3.0
148,149,3.0
149,150,3.0
150,151,3.0
151,152,2.5
152,153,3.5
153,154,3.0
154,155,2.5
155,156,3.0
156,157,2.5
157,158,3.5
158,159,3.0
159,160,2.5
160,161,4.0
161,162,2.5
162,163,3.0
163,164,2.5
164,165,3.0
165,166,3.0
166,167,3.0
167,168,3.0
168,169,3.5
169,170,3.5
170,171,2.5
171,172,3.0
172,173,3.0
173,174,3.0
174,175,3.5
175,176,2.5
176,177,3.0
177,178,3.0
178,179,3.5
179,180,3.0
180,181,2.5
181,182,2.5
182,183,4.0
183,184,2.5
184,185,3.0
185,186,3.0
186,187,3.0
187,188,3.0
188,189,2.5
189,190,2.5
190,191,3.0
191,192,3.0
192,193,2.5
193,194,3.0
194,195,3.5
195,196,3.0
196,197,2.5
197,198,3.0
198,199,3.0
199,200,3.5
200,201,2.5
201,202,2.5
202,203,2.5
203,204,2.5
204,205,2.5
205,206,2.5
206,207,3.0
207,208,3.0
208,209,3.0
209,210,3.0
210,211,3.0
211,212,3.0
212,213,2.5
213,214,3.0
214,215,3.0
215,216,2.0
216,217,2.5
217,218,3.0
218,219,2.0
219,220,3.0
220,221,2.5
221,222,3.5
222,223,3.0
223,224,3.0
224,225,2.5
225,226,3.0
226,227,3.0
227,228,3.0
228,229,3.0
229,230,2.0
230,231,3.0
231,232,3.0
232,233,3.5
233,234,3.0
234,235,3.5
235,236,4.0
236,237,3.0
237,238,3.0
238,239,2.0
239,240,3.0
240,241,2.5
241,242,3.0
242,243,3.0
243,244,3.0
244,245,2.5
245,246,3.0
246,247,3.0
247,248,3.5
248,249,2.5
249,250,3.0
250,251,3.0
251,252,3.5
252,253,2.5
253,254,2.5
254,255,2.0
255,256,2.5
256,257,3.0
257,258,3.5
258,259,3.0
259,260,3.0
260,261,3.0
261,262,2.5
262,263,3.5
263,264,3.0
264,265,3.5
265,266,3.5
266,267,3.5
267,268,2.0
268,269,3.0
269,270,2.0
270,271,2.5
271,272,2.5
272,273,3.0
273,274,3.0
274,275,3.0
275,276,3.0
276,277,3.0
277,278,3.5
278,279,4.0
279,280,2.5
280,281,3.0
281,282,4.0
282,283,2.5
283,284,3.0
284,285,3.0
285,286,2.5
286,287,3.0
287,288,3.0
288,289,3.0
289,290,3.5
290,291,3.0
291,292,3.5
292,293,3.0
293,294,2.5
294,295,3.0
295,296,3.0
296,297,3.0
297,298,2.5
298,299,3.0
299,300,3.0
300,301,2.0
301,302,3.0
302,303,2.5
303,304,3.0
304,305,3.0
305,306,3.0
306,307,3.0
307,308,2.0
308,309,3.0
309,310,3.0
310,311,3.0
311,312,2.0
312,313,3.0
313,314,3.0
314,315,3.0
315,316,3.0
316,317,3.0
317,318,3.0
318,319,3.0
319,320,3.0
320,321,3.0
321,322,3.0
322,323,2.5
323,324,3.0
324,325,3.5
325,326,3.5
326,327,3.5
327,328,2.5
328,329,3.0
329,330,2.5
330,331,2.0
331,332,3.5
332,333,3.0
333,334,2.5
334,335,3.5
335,336,3.5
336,337,2.5
337,338,3.0
338,339,3.5
339,340,3.0
340,341,2.5
341,342,3.0
342,343,2.5
343,344,3.0
344,345,3.0
345,346,3.0
346,347,3.0
347,348,3.0
348,349,3.0
349,350,3.5
350,351,3.5
351,352,2.5
352,353,3.0
353,354,3.0
354,355,2.5
355,356,3.0
356,357,3.5
357,358,3.0
358,359,3.0
359,360,3.0
360,361,3.5
361,362,2.5
362,363,3.0
363,364,3.0
364,365,3.5
365,366,3.0
366,367,3.5
367,368,3.0
368,369,2.0
369,370,3.0
370,371,3.0
371,372,3.0
372,373,2.5
373,374,3.0
374,375,2.5
375,376,3.0
376,377,3.0
377,378,2.5
378,379,3.5
379,380,3.0
380,381,3.0
381,382,3.0
382,383,3.5
383,384,2.5
384,385,3.5
385,386,3.5
386,387,3.0
387,388,3.0
388,389,2.5
389,390,3.5
390,391,2.0
391,392,4.0
392,393,3.0
393,394,3.0
394,395,3.0
395,396,3.5
396,397,2.5
397,398,3.0
398,399,2.5
399,400,3.5
400,401,3.0
401,402,3.0
402,403,3.0
403,404,3.0
404,405,2.0
405,406,3.0
406,407,3.0
407,408,3.5
408,409,3.0
409,410,3.5
410,411,3.5
411,412,3.0
412,413,3.0
413,414,3.0
414,415,2.5
415,416,3.0
416,417,3.5
417,418,3.0
418,419,3.5
419,420,2.5
420,421,3.0
421,422,3.0
422,423,2.5
423,424,3.0
424,425,2.5
425,426,2.5
426,427,3.0
427,428,2.5
428,429,3.0
429,430,2.0
430,431,3.0
431,432,3.0
432,433,3.0
433,434,2.5
434,435,3.5
435,436,3.0
436,437,3.0
437,438,2.5
438,439,3.0
439,440,3.0
440,441,2.5
441,442,3.0
442,443,2.0
443,444,3.0
444,445,2.5
445,446,3.5
446,447,2.0
447,448,2.5
448,449,3.0
449,450,3.0
450,451,3.0
451,452,3.5
452,453,3.0
453,454,2.5
454,455,3.0
455,456,3.0
456,457,3.0
457,458,2.5
458,459,3.0
459,460,3.0
460,461,3.5
461,462,3.0
462,463,2.5
463,464,3.0
464,465,2.5
465,466,3.0
466,467,3.0
467,468,2.5
468,469,3.0
469,470,3.0
470,471,3.0
471,472,3.0
472,473,2.5
473,474,3.0
474,475,3.0
475,476,3.5
476,477,3.5
477,478,3.0
478,479,3.0
479,480,3.0
480,481,3.5
481,482,3.0
482,483,3.0
483,484,3.5
484,485,4.0
485,486,2.5
486,487,3.5
487,488,2.5
488,489,3.0
489,490,3.5
490,491,2.5
491,492,3.5
492,493,3.0
493,494,2.5
494,495,3.0
495,496,3.5
496,497,3.0
497,498,2.5
498,499,2.5
499,500,2.5
500,501,3.0
501,502,3.5
502,503,4.0
503,504,3.0
504,505,3.0
505,506,2.5
506,507,3.5
507,508,2.0
508,509,3.0
509,510,3.5
510,511,3.0
511,512,2.5
512,513,2.5
513,514,3.0
514,515,3.0
515,516,3.0
516,517,2.5
517,518,3.0
518,519,3.0
519,520,3.0
520,521,3.0
521,522,3.5
522,523,2.5
523,524,2.0
524,525,3.0
525,526,3.5
526,527,3.0
527,528,3.0
528,529,2.5
529,530,3.0
530,531,3.5
531,532,3.0
532,533,3.0
533,534,3.0
534,535,3.0
535,536,3.0
536,537,3.0
537,538,3.0
538,539,2.5
539,540,3.5
540,541,3.0
541,542,2.5
542,543,3.0
543,544,3.0
544,545,2.5
545,546,3.5
546,547,3.0
547,548,3.0
548,549,3.0
549,550,2.5
550,551,3.5
551,552,3.0
552,553,3.0
553,554,3.5
554,555,3.0
555,556,3.0
556,557,3.0
557,558,2.5
558,559,3.0
559,560,3.5
560,561,3.0
561,562,3.0
562,563,3.0
563,564,3.0
564,565,2.5
565,566,2.0
566,567,3.5
567,568,2.5
568,569,2.5
569,570,3.0
570,571,3.5
571,572,2.5
572,573,3.0
573,574,3.5
574,575,3.0
575,576,3.0
576,577,3.0
577,578,2.5
578,579,2.0
579,580,2.0
580,581,2.0
581,582,3.0
582,583,3.5
583,584,3.0
584,585,2.0
585,586,3.5
586,587,3.0
587,588,3.5
588,589,3.0
589,590,3.0
590,591,3.0
591,592,3.0
592,593,2.5
593,594,2.0
594,595,3.5
595,596,3.0
596,597,3.0
597,598,2.0
598,599,3.0
599,600,2.0
600,601,2.5
601,602,3.0
602,603,3.0
603,604,3.0
604,605,3.0
605,606,2.0
606,607,3.5
607,608,2.5
608,609,3.5
609,610,3.5
610,611,3.0
611,612,3.5
612,613,3.0
613,614,3.0
614,615,2.5
615,616,3.5
616,617,3.0
617,618,2.0
618,619,2.5
619,620,3.5
620,621,2.5
621,622,3.0
622,623,3.0
623,624,3.0
624,625,2.5
625,626,3.0
626,627,2.0
627,628,3.5
628,629,2.5
629,630,3.0
630,631,3.0
631,632,3.5
632,633,2.5
633,634,3.5
634,635,3.0
635,636,3.5
636,637,3.0
637,638,3.0
638,639,3.5
639,640,3.0
640,641,3.0
641,642,2.5
642,643,3.0
643,644,3.5
644,645,3.0
645,646,3.0
646,647,3.0
647,648,3.0
648,649,3.0
649,650,3.0
650,651,3.5
651,652,3.5
652,653,3.0
653,654,3.0
654,655,3.0
655,656,3.0
656,657,4.0
657,658,3.0
658,659,2.0
659,660,2.5
660,661,3.0
661,662,3.5
662,663,3.0
663,664,3.0
664,665,2.0
665,666,3.0
666,667,3.0
667,668,3.0
668,669,3.5
669,670,3.0
670,671,3.0
671,672,3.0
672,673,3.0
673,674,3.0
674,675,3.0
675,676,3.0
676,677,3.5
677,678,3.0
678,679,3.0
679,680,3.0
680,681,2.0
681,682,3.0
682,683,3.0
683,684,3.5
684,685,2.5
685,686,2.5
686,687,2.5
687,688,3.0
688,689,2.5
689,690,3.0
690,691,2.5
691,692,3.0
692,693,2.5
693,694,3.0
694,695,3.0
695,696,3.0
696,697,2.5
697,698,3.0
698,699,3.0
699,700,3.0
700,701,3.5
701,702,2.5
702,703,2.5
703,704,2.5
704,705,3.0
705,706,2.5
706,707,3.5
707,708,3.0
708,709,3.5
709,710,2.5
710,711,3.0
711,712,3.0
712,713,3.0
713,714,3.0
714,715,3.5
715,716,2.5
716,717,3.5
717,718,3.5
718,719,3.0
719,720,3.0
720,721,2.5
721,722,3.5
722,723,2.0
723,724,3.0
724,725,2.5
725,726,3.5
726,727,3.0
727,728,2.5
728,729,3.0
729,730,2.5
730,731,3.0
731,732,3.5
732,733,3.0
733,734,3.0
734,735,3.0
735,736,2.5
736,737,3.0
737,738,3.0
738,739,3.0
739,740,3.5
740,741,3.5
741,742,3.0
742,743,3.0
743,744,3.0
744,745,3.0
745,746,2.0
746,747,3.0
747,748,2.5
748,749,3.0
749,750,3.0
750,751,2.5
751,752,3.0
752,753,3.0
753,754,3.0
754,755,3.0
755,756,3.0
756,757,3.0
757,758,3.5
758,759,2.0
759,760,3.0
760,761,2.5
761,762,3.0
762,763,3.0
763,764,2.5
764,765,3.5
765,766,3.0
766,767,3.0
767,768,3.0
768,769,3.0
769,770,3.0
770,771,3.0
771,772,2.5
772,773,3.0
773,774,3.0
774,775,2.5
775,776,3.0
776,777,3.0
777,778,3.0
778,779,3.5
779,780,3.0
780,781,3.0
781,782,3.0
782,783,2.5
783,784,3.0
784,785,2.5
785,786,3.5
786,787,2.0
787,788,3.0
788,789,3.5
789,790,3.0
790,791,3.0
791,792,3.5
792,793,3.5
793,794,3.0
794,795,3.0
795,796,2.5
796,797,3.0
797,798,3.5
798,799,3.5
799,800,3.0
800,801,3.0
801,802,2.5
802,803,2.5
803,804,2.0
804,805,3.0
805,806,3.0
806,807,3.0
807,808,3.0
808,809,3.5
809,810,2.5
810,811,3.0
811,812,2.5
812,813,3.0
813,814,3.0
814,815,2.0
815,816,2.5
816,817,2.5
817,818,3.0
818,819,2.5
819,820,3.0
820,821,2.5
821,822,3.5
822,823,2.5
823,824,3.5
824,825,2.5
825,826,3.5
826,827,3.0
827,828,2.5
828,829,2.5
829,830,3.0
830,831,3.0
831,832,3.0
832,833,3.5
833,834,3.0
834,835,3.0
835,836,3.0
836,837,3.5
837,838,2.5
838,839,3.0
839,840,3.0
840,841,2.5
841,842,4.0
842,843,3.5
843,844,4.0
844,845,2.5
845,846,3.0
846,847,3.5
847,848,3.0
848,849,3.0
849,850,3.0
850,851,3.0
851,852,3.0
852,853,2.0
853,854,3.5
854,855,2.5
855,856,3.0
856,857,3.0
857,858,3.0
858,859,2.5
859,860,3.0
860,861,3.0
861,862,4.0
862,863,2.5
863,864,3.0
864,865,2.5
865,866,3.5
866,867,3.0
867,868,3.5
868,869,2.0
869,870,3.0
870,871,3.0
871,872,3.0
872,873,3.0
873,874,3.0
874,875,3.0
875,876,4.0
876,877,2.5
877,878,3.0
878,879,3.0
879,880,2.5
880,881,3.0
881,882,3.0
882,883,3.5
883,884,3.0
884,885,3.0
885,886,2.5
886,887,3.5
887,888,3.0
888,889,2.5
889,890,3.0
890,891,3.0
891,892,3.0
892,893,3.0
893,894,3.0
894,895,3.0
895,896,2.5
896,897,2.5
897,898,3.0
898,899,3.0
899,900,3.0
900,901,3.5
901,902,3.0
902,903,2.5
903,904,3.0
904,905,3.0
905,906,3.0
906,907,2.5
907,908,2.5
908,909,3.0
909,910,2.0
910,911,3.5
911,912,2.0
912,913,3.5
913,914,3.0
914,915,2.5
915,916,3.0
916,917,2.5
917,918,3.0
918,919,3.0
919,920,2.5
920,921,3.0
921,922,3.0
922,923,3.0
923,924,3.0
924,925,3.0
925,926,3.0
926,927,3.0
927,928,3.0
928,929,2.5
929,930,3.0
930,931,2.5
931,932,2.5
932,933,3.0
933,934,2.5
934,935,2.5
935,936,3.0
936,937,3.0
937,938,2.0
938,939,3.5
939,940,3.0
940,941,2.5
941,942,3.0
942,943,2.5
943,944,3.0
944,945,3.0
945,946,3.0
946,947,2.0
947,948,3.0
948,949,3.5
949,950,3.0
950,951,2.0
951,952,2.5
952,953,3.0
953,954,3.0
954,955,3.0
955,956,3.0
956,957,3.5
957,958,3.0
958,959,2.0
959,960,3.0
960,961,3.0
961,962,3.0
962,963,2.0
963,964,2.5
964,965,2.5
965,966,3.0
966,967,3.0
967,968,3.5
968,969,3.0
969,970,3.0
970,971,2.0
971,972,3.0
972,973,2.5
973,974,2.5
974,975,3.5
975,976,3.0
976,977,3.0
977,978,3.5
978,979,3.5
979,980,3.0
980,981,3.0
981,982,3.0
982,983,2.5
983,984,2.5
984,985,2.5
985,986,3.0
986,987,3.0
987,988,3.0
988,989,3.0
989,990,3.5
990,991,2.5
991,992,3.0
992,993,3.5
993,994,3.0
994,995,2.5
995,996,3.0
996,997,3.0
997,998,2.0
998,999,3.0
999,1000,3.0
1000,1001,3.0
1001,1002,3.0
1002,1003,3.0
1003,1004,2.5
1004,1005,3.0
1005,1006,3.0
1006,1007,3.5
1007,1008,3.0
1008,1009,3.0
1009,1010,3.0
1010,1011,3.5
1011,1012,3.0
1012,1013,3.0
1013,1014,3.5
1014,1015,2.5
1015,1016,3.0
1016,1017,2.5
1017,1018,3.0
1018,1019,2.5
1019,1020,3.5
1020,1021,2.5
1021,1022,3.5
1022,1023,3.0
1023,1024,3.5
1024,1025,3.0
1025,1026,3.0
1026,1027,2.5
1027,1028,3.0
1028,1029,3.0
1029,1030,3.0
1030,1031,3.0
1031,1032,3.0
1032,1033,4.0
1033,1034,3.0
1034,1035,2.5
1035,1036,3.0
1036,1037,2.0
1037,1038,2.5
1038,1039,3.0
1039,1040,2.5
1040,1041,3.0
1041,1042,3.0
1042,1043,2.5
1043,1044,3.0
1044,1045,2.5
1045,1046,3.0
1046,1047,3.0
1047,1048,2.5
1048,1049,3.0
1049,1050,3.0
1050,1051,2.0
1051,1052,2.5
1052,1053,3.0
1053,1054,3.5
1054,1055,3.0
1055,1056,2.5
1056,1057,2.5
1057,1058,3.0
1058,1059,3.5
1059,1060,3.0
1060,1061,3.0
1061,1062,3.0
1062,1063,3.0
1063,1064,2.5
1064,1065,3.5
1065,1066,2.5
1066,1067,3.0
1067,1068,3.0
1068,1069,3.0
1069,1070,3.0
1070,1071,3.5
1071,1072,3.5
1072,1073,2.5
1073,1074,2.5
1074,1075,2.5
1075,1076,4.0
1076,1077,3.5
1077,1078,3.0
1078,1079,3.0
1079,1080,3.5
1080,1081,3.0
1081,1082,3.0
1082,1083,2.5
1083,1084,3.0
1084,1085,3.0
1085,1086,2.5
1086,1087,3.5
1087,1088,3.0
1088,1089,2.5
1089,1090,2.0
1090,1091,3.0
1091,1092,2.5
1092,1093,3.0
1093,1094,3.5
1094,1095,3.0
1095,1096,3.0
1096,1097,3.5
1097,1098,3.0
1098,1099,3.0
1099,1100,3.0
1100,1101,3.0
1101,1102,3.0
1102,1103,4.0
1103,1104,3.5
1104,1105,3.0
1105,1106,3.0
1106,1107,3.0
1107,1108,3.0
1108,1109,3.0
1109,1110,3.0
1110,1111,3.0
1111,1112,3.0
1112,1113,3.0
1113,1114,3.0
1114,1115,3.0
1115,1116,3.0
1116,1117,3.5
1117,1118,3.0
1118,1119,3.5
1119,1120,2.5
1120,1121,3.0
1121,1122,3.0
1122,1123,3.0
1123,1124,3.0
1124,1125,3.5
1125,1126,2.0
1126,1127,3.0
1127,1128,2.5
1128,1129,3.5
1129,1130,4.0
1130,1131,3.5
1131,1132,3.0
1132,1133,2.5
1133,1134,2.5
1134,1135,2.0
1135,1136,3.0
1136,1137,2.5
1137,1138,3.0
1138,1139,3.0
1139,1140,3.0
1140,1141,3.0
1141,1142,3.0
1142,1143,2.5
1143,1144,2.5
1144,1145,3.0
1145,1146,2.5
1146,1147,3.0
1147,1148,3.0
1148,1149,3.5
1149,1150,2.0
1150,1151,3.0
1151,1152,3.0
1152,1153,2.5
1153,1154,3.0
1154,1155,2.5
1155,1156,3.0
1156,1157,2.5
1157,1158,3.0
1158,1159,3.0
1159,1160,3.0
1160,1161,3.0
1161,1162,2.0
1162,1163,2.0
1163,1164,2.5
1164,1165,2.5
1165,1166,3.0
1166,1167,3.5
1167,1168,2.5
1168,1169,3.0
1169,1170,2.5
1170,1171,3.0
1171,1172,3.0
1172,1173,2.5
1173,1174,3.0
1174,1175,3.0
1175,1176,3.5
1176,1177,3.0
1177,1178,3.0
1178,1179,3.0
1179,1180,3.5
1180,1181,3.0
1181,1182,3.0
1182,1183,2.5
1183,1184,3.0
1184,1185,3.5
1185,1186,3.0
1186,1187,3.5
1187,1188,3.5
1188,1189,3.0
1189,1190,3.0
1190,1191,3.0
1191,1192,3.0
1192,1193,3.0
1193,1194,3.0
1194,1195,2.5
1195,1196,2.5
1196,1197,3.5
1197,1198,3.0
1198,1199,3.0
1199,1200,3.0
1200,1201,3.0
1201,1202,2.5
1202,1203,3.0
1203,1204,3.0
1204,1205,3.5
1205,1206,3.0
1206,1207,3.5
1207,1208,3.0
1208,1209,3.0
1209,1210,3.5
1210,1211,2.5
1211,1212,3.0
1212,1213,3.0
1213,1214,3.5
1214,1215,3.0
1215,1216,3.0
1216,1217,2.5
1217,1218,2.5
1218,1219,3.0
1219,1220,3.0
1220,1221,3.0
1221,1222,3.5
1222,1223,3.0
1223,1224,2.5
1224,1225,3.0
1225,1226,2.5
1226,1227,3.0
1227,1228,3.5
1228,1229,3.0
1229,1230,3.5
1230,1231,3.0
1231,1232,3.0
1232,1233,2.5
1233,1234,3.0
1234,1235,3.0
1235,1236,3.0
1236,1237,2.0
1237,1238,3.0
1238,1239,3.0
1239,1240,3.0
1240,1241,3.0
1241,1242,2.0
1242,1243,3.0
1243,1244,3.5
1244,1245,3.0
1245,1246,3.0
1246,1247,2.5
1247,1248,2.5
1248,1249,2.5
1249,1250,3.0
1250,1251,2.5
1251,1252,2.5
1252,1253,3.0
1253,1254,2.5
1254,1255,3.0
1255,1256,3.5
1256,1257,2.0
1257,1258,3.0
1258,1259,2.5
1259,1260,2.5
1260,1261,3.0
1261,1262,3.0
1262,1263,2.0
1263,1264,3.5
1264,1265,3.0
1265,1266,3.0
1266,1267,3.5
1267,1268,3.0
1268,1269,3.5
1269,1270,2.5
1270,1271,3.0
1271,1272,3.0
1272,1273,3.0
1273,1274,3.0
1274,1275,3.0
1275,1276,3.0
1276,1277,3.0
1277,1278,3.0
1278,1279,3.0
1279,1280,3.0
1280,1281,3.0
1281,1282,3.5
1282,1283,2.5
1283,1284,3.0
1284,1285,2.5
1285,1286,2.5
1286,1287,3.0
1287,1288,3.0
1288,1289,3.5
1289,1290,2.0
1290,1291,3.0
1291,1292,3.0
1292,1293,3.0
1293,1294,3.0
1294,1295,3.0
1295,1296,3.5
1296,1297,3.0
1297,1298,3.0
1298,1299,3.5
1299,1300,2.5
1300,1301,4.0
1301,1302,3.5
1302,1303,2.5
1303,1304,3.0
1304,1305,3.0
1305,1306,3.0
1306,1307,2.5
1307,1308,3.0
1308,1309,3.5
1309,1310,2.5
1310,1311,3.5
1311,1312,2.5
1312,1313,3.0
1313,1314,2.5
1314,1315,3.5
1315,1316,3.0
1316,1317,3.5
1317,1318,3.0
1318,1319,2.5
1319,1320,2.5
1320,1321,3.5
1321,1322,3.0
1322,1323,3.0
1323,1324,3.0
1324,1325,3.0
1325,1326,3.0
1326,1327,3.0
1327,1328,3.0
1328,1329,3.5
1329,1330,3.0
1330,1331,3.0
1331,1332,3.0
1332,1333,3.5
1333,1334,3.5
1334,1335,2.0
1335,1336,3.0
1336,1337,3.5
1337,1338,2.5
1338,1339,2.5
1339,1340,3.5
1340,1341,3.0
1341,1342,2.5
1342,1343,3.5
1343,1344,3.5
1344,1345,3.0
1345,1346,2.0
1346,1347,3.5
1347,1348,4.0
1348,1349,3.5
1349,1350,3.5
1350,1351,2.5
1351,1352,3.0
1352,1353,2.5
1353,1354,3.5
1354,1355,3.0
1355,1356,3.5
1356,1357,3.5
1357,1358,3.0
1358,1359,3.0
1359,1360,2.5
1360,1361,3.5
1361,1362,2.5
1362,1363,3.0
1363,1364,3.0
1364,1365,2.5
1365,1366,3.0
1366,1367,2.0
1367,1368,3.5
1368,1369,3.0
1369,1370,2.0
1370,1371,3.0
1371,1372,3.0
1372,1373,3.5
1373,1374,3.5
1374,1375,2.5
1375,1376,3.0
1376,1377,3.0
1377,1378,3.5
1378,1379,3.0
1379,1380,2.5
1380,1381,2.5
1381,1382,3.0
1382,1383,3.0
1383,1384,3.5
1384,1385,3.5
1385,1386,3.0
1386,1387,3.0
1387,1388,2.5
1388,1389,3.0
1389,1390,3.5
1390,1391,2.0
1391,1392,3.5
1392,1393,3.5
1393,1394,3.0
1394,1395,3.5
1395,1396,2.5
1396,1397,3.0
1397,1398,2.0
1398,1399,3.5
1399,1400,2.5
1400,1401,3.5
1401,1402,3.0
1402,1403,3.0
1403,1404,3.0
1404,1405,3.5
1405,1406,3.0
1406,1407,3.0
1407,1408,2.0
1408,1409,3.5
1409,1410,3.0
1410,1411,3.0
1411,1412,3.5
1412,1413,2.5
1413,1414,3.0
1414,1415,3.5
1415,1416,2.5
1416,1417,3.0
1417,1418,3.0
1418,1419,3.0
1419,1420,3.0
1420,1421,4.0
1421,1422,3.0
1422,1423,3.5
1423,1424,2.5
1424,1425,3.0
1425,1426,3.0
1426,1427,2.5
1427,1428,2.5
1428,1429,2.5
1429,1430,2.5
1430,1431,3.0
1431,1432,2.5
1432,1433,3.0
1433,1434,3.5
1434,1435,3.0
1435,1436,3.0
1436,1437,2.5
1437,1438,3.0
1438,1439,3.0
1439,1440,3.0
1440,1441,2.5
1441,1442,3.5
1442,1443,3.0
1443,1444,3.0
1444,1445,3.5
1445,1446,4.0
1446,1447,3.0
1447,1448,3.5
1448,1449,3.0
1449,1450,2.5
1450,1451,2.5
1451,1452,3.0
1452,1453,3.5
1453,1454,2.5
1454,1455,2.5
1455,1456,2.5
1456,1457,2.5
1457,1458,3.5
1458,1459,3.0
1459,1460,2.5
1460,1461,3.0
1461,1462,2.5
1462,1463,3.0
1463,1464,3.0
1464,1465,2.5
1465,1466,3.0
1466,1467,2.5
1467,1468,3.5
1468,1469,2.5
1469,1470,3.5
1470,1471,3.0
1471,1472,3.0
1472,1473,3.0
1473,1474,2.5
1474,1475,3.0
1475,1476,3.0
1476,1477,3.5
1477,1478,3.5
1478,1479,3.5
1479,1480,3.0
1480,1481,2.5
1481,1482,3.0
1482,1483,3.0
1483,1484,2.5
1484,1485,3.0
1485,1486,3.0
1486,1487,2.5
1487,1488,3.0
1488,1489,2.5
1489,1490,3.0
1490,1491,3.0
1491,1492,3.0
1492,1493,3.0
1493,1494,2.0
1494,1495,3.0
1495,1496,3.0
1496,1497,3.5
1497,1498,3.0
1498,1499,2.5
1499,1500,2.5
1500,1501,2.5
1501,1502,2.5
1502,1503,3.0
1503,1504,3.0
1504,1505,3.0
1505,1506,3.0
1506,1507,3.0
1507,1508,3.0
1508,1509,2.5
1509,1510,2.5
1510,1511,2.5
1511,1512,2.5
1512,1513,3.0
1513,1514,3.0
1514,1515,3.0
1515,1516,3.0
1516,1517,3.5
1517,1518,3.5
1518,1519,3.5
1519,1520,2.5
1520,1521,2.5
1521,1522,2.5
1522,1523,3.5
1523,1524,3.0
1524,1525,3.0
1525,1526,3.0
1526,1527,3.5
1527,1528,3.0
1528,1529,3.5
1529,1530,3.0
1530,1531,3.5
1531,1532,3.5
1532,1533,3.5
1533,1534,3.5
1534,1535,3.0
1535,1536,2.5
1536,1537,3.0
1537,1538,2.5
1538,1539,3.0
1539,1540,3.0
1540,1541,3.0
1541,1542,4.0
1542,1543,3.0
1543,1544,3.0
1544,1545,3.0
1545,1546,3.5
1546,1547,3.0
1547,1548,3.0
1548,1549,3.0
1549,1550,3.5
1550,1551,2.5
1551,1552,2.5
1552,1553,3.0
1553,1554,3.0
1554,1555,3.0
1555,1556,3.0
1556,1557,3.5
1557,1558,3.0
1558,1559,3.0
1559,1560,3.5
1560,1561,2.5
1561,1562,3.0
1562,1563,2.5
1563,1564,3.0
1564,1565,2.5
1565,1566,3.0
1566,1567,3.5
1567,1568,3.0
1568,1569,3.0
1569,1570,2.5
1570,1571,2.5
1571,1572,3.0
1572,1573,2.0
1573,1574,3.0
1574,1575,2.0
1575,1576,2.5
1576,1577,3.5
1577,1578,3.0
1578,1579,3.5
1579,1580,3.0
1580,1581,3.0
1581,1582,3.5
1582,1583,3.0
1583,1584,3.5
1584,1585,3.0
1585,1586,3.0
1586,1587,2.5
1587,1588,3.0
1588,1589,3.5
1589,1590,3.0
1590,1591,3.5
1591,1592,3.0
1592,1593,3.0
1593,1594,3.0
1594,1595,3.0
1595,1596,2.5
1596,1597,3.0
1597,1598,2.5
1598,1599,3.0
1599,1600,2.5
1600,1601,2.5
1601,1602,2.5
1602,1603,3.0
1603,1604,2.5
1604,1605,3.0
1605,1606,3.5
1606,1607,2.5
1607,1608,2.5
1608,1609,3.0
1609,1610,3.5
1610,1611,3.0
1611,1612,3.0
1612,1613,2.5
1613,1614,3.0
1614,1615,3.0
1615,1616,2.5
1616,1617,2.5
1617,1618,3.0
1618,1619,3.0
1619,1620,3.0
1620,1621,3.0
1621,1622,2.5
1622,1623,3.5
1623,1624,3.0
1624,1625,2.5
1625,1626,3.0
1626,1627,2.5
1627,1628,3.5
1628,1629,3.0
1629,1630,2.5
1630,1631,4.0
1631,1632,2.5
1632,1633,3.0
1633,1634,2.5
1634,1635,3.0
1635,1636,3.0
1636,1637,3.0
1637,1638,3.0
1638,1639,3.5
1639,1640,3.5
1640,1641,2.5
1641,1642,3.0
1642,1643,3.0
1643,1644,3.0
1644,1645,3.5
1645,1646,2.5
1646,1647,3.0
1647,1648,3.0
1648,1649,3.5
1649,1650,3.0
1650,1651,2.5
1651,1652,2.5
1652,1653,4.0
1653,1654,2.5
1654,1655,3.0
1655,1656,3.0
1656,1657,3.0
1657,1658,3.0
1658,1659,2.5
1659,1660,2.5
1660,1661,3.0
1661,1662,3.0
1662,1663,2.5
1663,1664,3.0
1664,1665,3.5
1665,1666,3.0
1666,1667,2.5
1667,1668,3.0
1668,1669,3.0
1669,1670,3.5
1670,1671,2.5
1671,1672,2.5
1672,1673,2.5
1673,1674,2.5
1674,1675,2.5
1675,1676,2.5
1676,1677,3.0
1677,1678,3.0
1678,1679,3.0
1679,1680,3.0
1680,1681,3.0
1681,1682,3.0
1682,1683,2.5
1683,1684,3.0
1684,1685,3.0
1685,1686,2.0
1686,1687,2.5
1687,1688,3.0
1688,1689,2.0
1689,1690,3.0
1690,1691,2.5
1691,1692,3.5
1692,1693,3.0
1693,1694,3.0
1694,1695,2.5
1695,1696,3.0
1696,1697,3.0
1697,1698,3.0
1698,1699,3.0
1699,1700,2.0
1700,1701,3.0
1701,1702,3.0
1702,1703,3.5
1703,1704,3.0
1704,1705,3.5
1705,1706,4.0
1706,1707,3.0
1707,1708,3.0
1708,1709,2.0
1709,1710,3.0
1710,1711,2.5
1711,1712,3.0
1712,1713,3.0
1713,1714,3.0
1714,1715,2.5
1715,1716,3.0
1716,1717,3.0
1717,1718,3.5
1718,1719,2.5
1719,1720,3.0
1720,1721,3.0
1721,1722,3.5
1722,1723,2.5
1723,1724,2.5
1724,1725,2.0
1725,1726,2.5
1726,1727,3.0
1727,1728,3.5
1728,1729,3.0
1729,1730,3.0
1730,1731,3.0
1731,1732,2.5
1732,1733,3.5
1733,1734,3.0
1734,1735,3.5
1735,1736,3.5
1736,1737,3.5
1737,1738,2.0
1738,1739,3.0
1739,1740,2.0
1740,1741,2.5
1741,1742,2.5
1742,1743,3.0
1743,1744,3.0
1744,1745,3.0
1745,1746,3.0
1746,1747,3.0
1747,1748,3.5
1748,1749,4.0
1749,1750,2.5
1750,1751,3.0
1751,1752,4.0
1752,1753,2.5
1753,1754,3.0
1754,1755,3.0
1755,1756,2.5
1756,1757,3.0
1757,1758,3.0
1758,1759,3.0
1759,1760,3.5
1760,1761,3.0
1761,1762,3.5
1762,1763,3.0
1763,1764,2.5
1764,1765,3.0
1765,1766,3.0
1766,1767,3.0
1767,1768,2.5
1768,1769,3.0
1769,1770,3.0
1770,1771,2.0
1771,1772,3.0
1772,1773,2.5
1773,1774,3.0
1774,1775,3.0
1775,1776,3.0
1776,1777,3.0
1777,1778,2.0
1778,1779,3.0
1779,1780,3.0
1780,1781,3.0
1781,1782,2.0
1782,1783,3.0
1783,1784,3.0
1784,1785,3.0
1785,1786,3.0
1786,1787,3.0
1787,1788,3.0
1788,1789,3.0
1789,1790,3.0
1790,1791,3.0
1791,1792,3.0
1792,1793,2.5
1793,1794,3.0
1794,1795,3.5
1795,1796,3.5
1796,1797,3.5
1797,1798,2.5
1798,1799,3.0
1799,1800,2.5
1800,1801,2.0
1801,1802,3.5
1802,1803,3.0
1803,1804,2.5
1804,1805,3.5
1805,1806,3.5
1806,1807,2.5
1807,1808,3.0
1808,1809,3.5
1809,1810,3.0
1810,1811,2.5
1811,1812,3.0
1812,1813,2.5
1813,1814,3.0
1814,1815,3.0
1815,1816,3.0
1816,1817,3.0
1817,1818,3.0
1818,1819,3.0
1819,1820,3.5
1820,1821,3.5
1821,1822,2.5
1822,1823,3.0
1823,1824,3.0
1824,1825,2.5
1825,1826,3.0
1826,1827,3.5
1827,1828,3.0
1828,1829,3.0
1829,1830,3.0
1830,1831,3.5
1831,1832,2.5
1832,1833,3.0
1833,1834,3.0
1834,1835,3.5
1835,1836,3.0
1836,1837,3.5
1837,1838,3.0
1838,1839,2.0
1839,1840,3.0
1840,1841,3.0
1841,1842,3.0
1842,1843,2.5
1843,1844,3.0
1844,1845,2.5
1845,1846,3.0
1846,1847,3.0
1847,1848,2.5
1848,1849,3.5
1849,1850,3.0
1850,1851,3.0
1851,1852,3.0
1852,1853,3.5
1853,1854,2.5
1854,1855,3.5
1855,1856,3.5
1856,1857,3.0
1857,1858,3.0
1858,1859,2.5
1859,1860,3.5
1860,1861,2.0
1861,1862,4.0
1862,1863,3.0
1863,1864,3.0
1864,1865,3.0
1865,1866,3.5
1866,1867,2.5
1867,1868,3.0
1868,1869,2.5
1869,1870,3.5
1870,1871,3.0
1871,1872,3.0
1872,1873,3.0
1873,1874,3.0
1874,1875,2.0
1875,1876,3.0
1876,1877,3.0
1877,1878,3.5
1878,1879,3.0
1879,1880,3.5
1880,1881,3.5
1881,1882,3.0
1882,1883,3.0
1883,1884,3.0
1884,1885,2.5
1885,1886,3.0
1886,1887,3.5
1887,1888,3.0
1888,1889,3.5
1889,1890,2.5
1890,1891,3.0
1891,1892,3.0
1892,1893,2.5
1893,1894,3.0
1894,1895,2.5
1895,1896,2.5
1896,1897,3.0
1897,1898,2.5
1898,1899,3.0
1899,1900,2.0
1900,1901,3.0
1901,1902,3.0
1902,1903,3.0
1903,1904,2.5
1904,1905,3.5
1905,1906,3.0
1906,1907,3.0
1907,1908,2.5
1908,1909,3.0
1909,1910,3.0
1910,1911,2.5
1911,1912,3.0
1912,1913,2.0
1913,1914,3.0
1914,1915,2.5
1915,1916,3.5
1916,1917,2.0
1917,1918,2.5
1918,1919,3.0
1919,1920,3.0
1920,1921,3.0
1921,1922,3.5
1922,1923,3.0
1923,1924,2.5
1924,1925,3.0
1925,1926,3.0
1926,1927,3.0
1927,1928,2.5
1928,1929,3.0
1929,1930,3.0
1930,1931,3.5
1931,1932,3.0
1932,1933,2.5
1933,1934,3.0
1934,1935,2.5
1935,1936,3.0
1936,1937,3.0
1937,1938,2.5
1938,1939,3.0
1939,1940,3.0
1940,1941,3.0
1941,1942,3.0
1942,1943,2.5
1943,1944,3.0
1944,1945,3.0
1945,1946,3.5
1946,1947,3.5
1947,1948,3.0
1948,1949,3.0
1949,1950,3.0
1950,1951,3.5
1951,1952,3.0
1952,1953,3.0
1953,1954,3.5
1954,1955,4.0
1955,1956,2.5
1956,1957,3.5
1957,1958,2.5
1958,1959,3.0
1959,1960,3.5
1960,1961,2.5
1961,1962,3.5
1962,1963,3.0
1963,1964,2.5
1964,1965,3.0
1965,1966,3.5
1966,1967,3.0
1967,1968,2.5
1968,1969,2.5
1969,1970,2.5
1970,1971,3.0
1971,1972,3.5
1972,1973,4.0
1973,1974,3.0
1974,1975,3.0
1975,1976,2.5
1976,1977,3.5
1977,1978,2.0
1978,1979,3.0
1979,1980,3.5
1980,1981,3.0
1981,1982,2.5
1982,1983,2.5
1983,1984,3.0
1984,1985,3.0
1985,1986,3.0
1986,1987,2.5
1987,1988,3.0
1988,1989,3.0
1989,1990,3.0
1990,1991,3.0
1991,1992,3.5
1992,1993,2.5
1993,1994,2.0
1994,1995,3.0
1995,1996,3.5
1996,1997,3.0
1997,1998,3.0
1998,1999,2.5
1999,2000,3.0
2000,2001,3.5
2001,2002,3.0
2002,2003,3.0
2003,2004,3.0
2004,2005,3.0
2005,2006,3.0
2006,2007,3.0
2007,2008,3.0
2008,2009,2.5
2009,2010,3.5
2010,2011,3.0
2011,2012,2.5
2012,2013,3.0
2013,2014,3.0
2014,2015,2.5
2015,2016,3.5
2016,2017,3.0
2017,2018,3.0
2018,2019,3.0
2019,2020,2.5
2020,2021,3.5
2021,2022,3.0
2022,2023,3.0
2023,2024,3.5
2024,2025,3.0
2025,2026,3.0
2026,2027,3.0
2027,2028,2.5
2028,2029,3.0
2029,2030,3.5
2030,2031,3.0
2031,2032,3.0
2032,2033,3.0
2033,2034,3.0
2034,2035,2.5
2035,2036,2.0
2036,2037,3.5
2037,2038,2.5
2038,2039,2.5
2039,2040,3.0
2040,2041,3.5
2041,2042,2.5
2042,2043,3.0
2043,2044,3.5
2044,2045,3.0
2045,2046,3.0
2046,2047,3.0
2047,2048,2.5
2048,2049,2.0
2049,2050,2.0
2050,2051,2.0
2051,2052,3.0
2052,2053,3.5
2053,2054,3.0
2054,2055,2.0
2055,2056,3.5
2056,2057,3.0
2057,2058,3.5
2058,2059,3.0
2059,2060,3.0
2060,2061,3.0
2061,2062,3.0
2062,2063,2.5
2063,2064,2.0
2064,2065,3.5
2065,2066,3.0
2066,2067,3.0
2067,2068,2.0
2068,2069,3.0
2069,2070,2.0
2070,2071,2.5
2071,2072,3.0
2072,2073,3.0
2073,2074,3.0
2074,2075,3.0
2075,2076,2.0
2076,2077,3.5
2077,2078,2.5
2078,2079,3.5
2079,2080,3.5
2080,2081,3.0
2081,2082,3.5
2082,2083,3.0
2083,2084,3.0
2084,2085,2.5
2085,2086,3.5
2086,2087,3.0
2087,2088,2.0
2088,2089,2.5
2089,2090,3.5
2090,2091,2.5
2091,2092,3.0
2092,2093,3.0
2093,2094,3.0
2094,2095,2.5
2095,2096,3.0
2096,2097,2.0
2097,2098,3.5
2098,2099,2.5
2099,2100,3.0
2100,2101,3.0
2101,2102,3.5
2102,2103,2.5
2103,2104,3.5
2104,2105,3.0
2105,2106,3.5
2106,2107,3.0
2107,2108,3.0
2108,2109,3.5
2109,2110,3.0
2110,2111,3.0
2111,2112,2.5
2112,2113,3.0
2113,2114,3.5
2114,2115,3.0
2115,2116,3.0
2116,2117,3.0
2117,2118,3.0
2118,2119,3.0
2119,2120,3.0
2120,2121,3.5
2121,2122,3.5
2122,2123,3.0
2123,2124,3.0
2124,2125,3.0
2125,2126,3.0
2126,2127,4.0
2127,2128,3.0
2128,2129,2.0
2129,2130,2.5
2130,2131,3.0
2131,2132,3.5
2132,2133,3.0
2133,2134,3.0
2134,2135,2.0
2135,2136,3.0
2136,2137,3.0
2137,2138,3.0
2138,2139,3.5
2139,2140,3.0
2140,2141,3.0
2141,2142,3.0
2142,2143,3.0
2143,2144,3.0
2144,2145,3.0
2145,2146,3.0
2146,2147,3.5
2147,2148,3.0
2148,2149,3.0
2149,2150,3.0
2150,2151,2.0
2151,2152,3.0
2152,2153,3.0
2153,2154,3.5
2154,2155,2.5
2155,2156,2.5
2156,2157,2.5
2157,2158,3.0
2158,2159,2.5
2159,2160,3.0
2160,2161,2.5
2161,2162,3.0
2162,2163,2.5
2163,2164,3.0
2164,2165,3.0
2165,2166,3.0
2166,2167,2.5
2167,2168,3.0
2168,2169,3.0
2169,2170,3.0
2170,2171,3.5
2171,2172,2.5
2172,2173,2.5
2173,2174,2.5
2174,2175,3.0
2175,2176,2.5
2176,2177,3.5
2177,2178,3.0
2178,2179,3.5
2179,2180,2.5
2180,2181,3.0
2181,2182,3.0
2182,2183,3.0
2183,2184,3.0
2184,2185,3.5
2185,2186,2.5
2186,2187,3.5
2187,2188,3.5
2188,2189,3.0
2189,2190,3.0
2190,2191,2.5
2191,2192,3.5
2192,2193,2.0
2193,2194,3.0
2194,2195,2.5
2195,2196,3.5
2196,2197,3.0
2197,2198,2.5
2198,2199,3.0
2199,2200,2.5
2200,2201,3.0
2201,2202,3.5
2202,2203,3.0
2203,2204,3.0
2204,2205,3.0
2205,2206,2.5
2206,2207,3.0
2207,2208,3.0
2208,2209,3.0
2209,2210,3.5
2210,2211,3.5
2211,2212,3.0
2212,2213,3.0
2213,2214,3.0
2214,2215,3.0
2215,2216,2.0
2216,2217,3.0
2217,2218,2.5
2218,2219,3.0
2219,2220,3.0
2220,2221,2.5
2221,2222,3.0
2222,2223,3.0
2223,2224,3.0
2224,2225,3.0
2225,2226,3.0
2226,2227,3.0
2227,2228,3.5
2228,2229,2.0
2229,2230,3.0
2230,2231,2.5
2231,2232,3.0
2232,2233,3.0
2233,2234,2.5
2234,2235,3.5
2235,2236,3.0
2236,2237,3.0
2237,2238,3.0
2238,2239,3.0
2239,2240,3.0
2240,2241,3.0
2241,2242,2.5
2242,2243,3.0
2243,2244,3.0
2244,2245,2.5
2245,2246,3.0
2246,2247,3.0
2247,2248,3.0
2248,2249,3.5
2249,2250,3.0
2250,2251,3.0
2251,2252,3.0
2252,2253,2.5
2253,2254,3.0
2254,2255,2.5
2255,2256,3.5
2256,2257,2.0
2257,2258,3.0
2258,2259,3.5
2259,2260,3.0
2260,2261,3.0
2261,2262,3.5
2262,2263,3.5
2263,2264,3.0
2264,2265,3.0
2265,2266,2.5
2266,2267,3.0
2267,2268,3.5
2268,2269,3.5
2269,2270,3.0
2270,2271,3.0
2271,2272,2.5
2272,2273,2.5
2273,2274,2.0
2274,2275,3.0
2275,2276,3.0
2276,2277,3.0
2277,2278,3.0
2278,2279,3.5
2279,2280,2.5
2280,2281,3.0
2281,2282,2.5
2282,2283,3.0
2283,2284,3.0
2284,2285,2.0
2285,2286,2.5
2286,2287,2.5
2287,2288,3.0
2288,2289,2.5
2289,2290,3.0
2290,2291,2.5
2291,2292,3.5
2292,2293,2.5
2293,2294,3.5
2294,2295,2.5
2295,2296,3.5
2296,2297,3.0
2297,2298,2.5
2298,2299,2.5
2299,2300,3.0
2300,2301,3.0
2301,2302,3.0
2302,2303,3.5
2303,2304,3.0
2304,2305,3.0
2305,2306,3.0
2306,2307,3.5
2307,2308,2.5
2308,2309,3.0
2309,2310,3.0
2310,2311,2.5
2311,2312,4.0
2312,2313,3.5
2313,2314,4.0
2314,2315,2.5
2315,2316,3.0
2316,2317,3.5
2317,2318,3.0
2318,2319,3.0
2319,2320,3.0
2320,2321,3.0
2321,2322,3.0
2322,2323,2.0
2323,2324,3.5
2324,2325,2.5
2325,2326,3.0
2326,2327,3.0
2327,2328,3.0
2328,2329,2.5
2329,2330,3.0
2330,2331,3.0
2331,2332,4.0
2332,2333,2.5
2333,2334,3.0
2334,2335,2.5
2335,2336,3.5
2336,2337,3.0
2337,2338,3.5
2338,2339,2.0
2339,2340,3.0
2340,2341,3.0
2341,2342,3.0
2342,2343,3.0
2343,2344,3.0
2344,2345,3.0
2345,2346,4.0
2346,2347,2.5
2347,2348,3.0
2348,2349,3.0
2349,2350,2.5
2350,2351,3.0
2351,2352,3.0
2352,2353,3.5
2353,2354,3.0
2354,2355,3.0
2355,2356,2.5
2356,2357,3.5
2357,2358,3.0
2358,2359,2.5
2359,2360,3.0
2360,2361,3.0
2361,2362,3.0
2362,2363,3.0
2363,2364,3.0
2364,2365,3.0
2365,2366,2.5
2366,2367,2.5
2367,2368,3.0
2368,2369,3.0
2369,2370,3.0
2370,2371,3.5
2371,2372,3.0
2372,2373,2.5
2373,2374,3.0
2374,2375,3.0
2375,2376,3.0
2376,2377,2.5
2377,2378,2.5
2378,2379,3.0
2379,2380,2.0
2380,2381,3.5
2381,2382,2.0
2382,2383,3.5
2383,2384,3.0
2384,2385,2.5
2385,2386,3.0
2386,2387,2.5
2387,2388,3.0
2388,2389,3.0
2389,2390,2.5
2390,2391,3.0
2391,2392,3.0
2392,2393,3.0
2393,2394,3.0
2394,2395,3.0
2395,2396,3.0
2396,2397,3.0
2397,2398,3.0
2398,2399,2.5
2399,2400,3.0
2400,2401,2.5
2401,2402,2.5
2402,2403,3.0
2403,2404,2.5
2404,2405,2.5
2405,2406,3.0
2406,2407,3.0
2407,2408,2.0
2408,2409,3.5
2409,2410,3.0
2410,2411,2.5
2411,2412,3.0
2412,2413,2.5
2413,2414,3.0
2414,2415,3.0
2415,2416,3.0
2416,2417,2.0
2417,2418,3.0
2418,2419,3.5
2419,2420,3.0
2420,2421,2.0
2421,2422,2.5
2422,2423,3.0
2423,2424,3.0
2424,2425,3.0
2425,2426,3.0
2426,2427,3.5
2427,2428,3.0
2428,2429,2.0
2429,2430,3.0
2430,2431,3.0
2431,2432,3.0
2432,2433,2.0
2433,2434,2.5
2434,2435,2.5
2435,2436,3.0
2436,2437,3.0
2437,2438,3.5
2438,2439,3.0
2439,2440,3.0
2440,2441,2.0
2441,2442,3.0
2442,2443,2.5
2443,2444,2.5
2444,2445,3.5
2445,2446,3.0
2446,2447,3.0
2447,2448,3.5
2448,2449,3.5
2449,2450,3.0
2450,2451,3.0
2451,2452,3.0
2452,2453,2.5
2453,2454,2.5
2454,2455,2.5
2455,2456,3.0
2456,2457,3.0
2457,2458,3.0
2458,2459,3.0
2459,2460,3.5
2460,2461,2.5
2461,2462,3.0
2462,2463,3.5
2463,2464,3.0
2464,2465,2.5
2465,2466,3.0
2466,2467,3.0
2467,2468,2.0
2468,2469,3.0
2469,2470,3.0
2470,2471,3.0
2471,2472,3.0
2472,2473,3.0
2473,2474,2.5
2474,2475,3.0
2475,2476,3.0
2476,2477,3.5
2477,2478,3.0
2478,2479,3.0
2479,2480,3.0
2480,2481,3.5
2481,2482,3.0
2482,2483,3.0
2483,2484,3.5
2484,2485,2.5
2485,2486,3.0
2486,2487,2.5
2487,2488,3.0
2488,2489,2.5
2489,2490,3.5
2490,2491,2.5
2491,2492,3.5
2492,2493,3.0
2493,2494,3.5
2494,2495,3.0
2495,2496,3.0
2496,2497,2.5
2497,2498,3.0
2498,2499,3.0
2499,2500,3.0
2500,2501,3.0
2501,2502,3.0
2502,2503,4.0
2503,2504,3.0
2504,2505,2.5
2505,2506,3.0
2506,2507,2.0
2507,2508,2.5
2508,2509,3.0
2509,2510,2.5
2510,2511,3.0
2511,2512,3.0
2512,2513,2.5
2513,2514,3.0
2514,2515,2.5
2515,2516,3.0
2516,2517,3.0
2517,2518,2.5
2518,2519,3.0
2519,2520,3.0
2520,2521,2.0
2521,2522,2.5
2522,2523,3.0
2523,2524,3.5
2524,2525,3.0
2525,2526,2.5
2526,2527,2.5
2527,2528,3.0
2528,2529,3.5
2529,2530,3.0
2530,2531,3.0
2531,2532,3.0
2532,2533,3.0
2533,2534,2.5
2534,2535,3.5
2535,2536,2.5
2536,2537,3.0
2537,2538,3.0
2538,2539,3.0
2539,2540,3.0
2540,2541,3.5
2541,2542,3.5
2542,2543,2.5
2543,2544,2.5
2544,2545,2.5
2545,2546,4.0
2546,2547,3.5
2547,2548,3.0
2548,2549,3.0
2549,2550,3.5
2550,2551,3.0
2551,2552,3.0
2552,2553,2.5
2553,2554,3.0
2554,2555,3.0
2555,2556,2.5
2556,2557,3.5
2557,2558,3.0
2558,2559,2.5
2559,2560,2.0
2560,2561,3.0
2561,2562,2.5
2562,2563,3.0
2563,2564,3.5
2564,2565,3.0
2565,2566,3.0
2566,2567,3.5
2567,2568,3.0
2568,2569,3.0
2569,2570,3.0
2570,2571,3.0
2571,2572,3.0
2572,2573,4.0
2573,2574,3.5
2574,2575,3.0
2575,2576,3.0
2576,2577,3.0
2577,2578,3.0
2578,2579,3.0
2579,2580,3.0
2580,2581,3.0
2581,2582,3.0
2582,2583,3.0
2583,2584,3.0
2584,2585,3.0
2585,2586,3.0
2586,2587,3.5
2587,2588,3.0
2588,2589,3.5
2589,2590,2.5
2590,2591,3.0
2591,2592,3.0
2592,2593,3.0
2593,2594,3.0
2594,2595,3.5
2595,2596,2.0
2596,2597,3.0
2597,2598,2.5
2598,2599,3.5
2599,2600,4.0
2600,2601,3.5
2601,2602,3.0
2602,2603,2.5
2603,2604,2.5
2604,2605,2.0
2605,2606,3.0
2606,2607,2.5
2607,2608,3.0
2608,2609,3.0
2609,2610,3.0
2610,2611,3.0
2611,2612,3.0
2612,2613,2.5
2613,2614,2.5
2614,2615,3.0
2615,2616,2.5
2616,2617,3.0
2617,2618,3.0
2618,2619,3.5
2619,2620,2.0
2620,2621,3.0
2621,2622,3.0
2622,2623,2.5
2623,2624,3.0
2624,2625,2.5
2625,2626,3.0
2626,2627,2.5
2627,2628,3.0
2628,2629,3.0
2629,2630,3.0
2630,2631,3.0
2631,2632,2.0
2632,2633,2.0
2633,2634,2.5
2634,2635,2.5
2635,2636,3.0
2636,2637,3.5
2637,2638,2.5
2638,2639,3.0
2639,2640,2.5
2640,2641,3.0
2641,2642,3.0
2642,2643,2.5
2643,2644,3.0
2644,2645,3.0
2645,2646,3.5
2646,2647,3.0
2647,2648,3.0
2648,2649,3.0
2649,2650,3.5
2650,2651,3.0
2651,2652,3.0
2652,2653,2.5
2653,2654,3.0
2654,2655,3.5
2655,2656,3.0
2656,2657,3.5
2657,2658,3.5
2658,2659,3.0
2659,2660,3.0
2660,2661,3.0
2661,2662,3.0
2662,2663,3.0
2663,2664,3.0
2664,2665,2.5
2665,2666,2.5
2666,2667,3.5
2667,2668,3.0
2668,2669,3.0
2669,2670,3.0
2670,2671,3.0
2671,2672,2.5
2672,2673,3.0
2673,2674,3.0
2674,2675,3.5
2675,2676,3.0
2676,2677,3.5
2677,2678,3.0
2678,2679,3.0
2679,2680,3.5
2680,2681,2.5
2681,2682,3.0
2682,2683,3.0
2683,2684,3.5
2684,2685,3.0
2685,2686,3.0
2686,2687,2.5
2687,2688,2.5
2688,2689,3.0
2689,2690,3.0
2690,2691,3.0
2691,2692,3.5
2692,2693,3.0
2693,2694,2.5
2694,2695,3.0
2695,2696,2.5
2696,2697,3.0
2697,2698,3.5
2698,2699,3.0
2699,2700,3.5
2700,2701,3.0
2701,2702,3.0
2702,2703,2.5
2703,2704,3.0
2704,2705,3.0
2705,2706,3.0
2706,2707,2.0
2707,2708,3.0
2708,2709,3.0
2709,2710,3.0
2710,2711,3.0
2711,2712,2.0
2712,2713,3.0
2713,2714,3.5
2714,2715,3.0
2715,2716,3.0
2716,2717,2.5
2717,2718,2.5
2718,2719,2.5
2719,2720,3.0
2720,2721,2.5
2721,2722,2.5
2722,2723,3.0
2723,2724,2.5
2724,2725,3.0
2725,2726,3.5
2726,2727,2.0
2727,2728,3.0
2728,2729,2.5
2729,2730,2.5
2730,2731,3.0
2731,2732,3.0
2732,2733,2.0
2733,2734,3.5
2734,2735,3.0
2735,2736,3.0
2736,2737,3.5
2737,2738,3.0
2738,2739,3.5
2739,2740,2.5
2740,2741,3.0
2741,2742,3.0
2742,2743,3.0
2743,2744,3.0
2744,2745,3.0
2745,2746,3.0
2746,2747,3.0
2747,2748,3.0
2748,2749,3.0
2749,2750,3.0
2750,2751,3.0
2751,2752,3.5
2752,2753,2.5
2753,2754,3.0
2754,2755,2.5
2755,2756,2.5
2756,2757,3.0
2757,2758,3.0
2758,2759,3.5
2759,2760,2.0
2760,2761,3.0
2761,2762,3.0
2762,2763,3.0
2763,2764,3.0
2764,2765,3.0
2765,2766,3.5
2766,2767,3.0
2767,2768,3.0
2768,2769,3.5
2769,2770,2.5
2770,2771,4.0
2771,2772,3.5
2772,2773,2.5
2773,2774,3.0
2774,2775,3.0
2775,2776,3.0
2776,2777,2.5
2777,2778,3.0
2778,2779,3.5
2779,2780,2.5
2780,2781,3.5
2781,2782,2.5
2782,2783,3.0
2783,2784,2.5
2784,2785,3.5
2785,2786,3.0
2786,2787,3.5
2787,2788,3.0
2788,2789,2.5
2789,2790,2.5
2790,2791,3.5
2791,2792,3.0
2792,2793,3.0
2793,2794,3.0
2794,2795,3.0
2795,2796,3.0
2796,2797,3.0
2797,2798,3.0
2798,2799,3.5
2799,2800,3.0
2800,2801,3.0
2801,2802,3.0
2802,2803,3.5
2803,2804,3.5
2804,2805,2.0
2805,2806,3.0
2806,2807,3.5
2807,2808,2.5
2808,2809,2.5
2809,2810,3.5
2810,2811,3.0
2811,2812,2.5
2812,2813,3.5
2813,2814,3.5
2814,2815,3.0
2815,2816,2.0
2816,2817,3.5
2817,2818,4.0
2818,2819,3.5
2819,2820,3.5
2820,2821,2.5
2821,2822,3.0
2822,2823,2.5
2823,2824,3.5
2824,2825,3.0
2825,2826,3.5
2826,2827,3.5
2827,2828,3.0
2828,2829,3.0
2829,2830,2.5
2830,2831,3.5
2831,2832,2.5
2832,2833,3.0
2833,2834,3.0
2834,2835,2.5
2835,2836,3.0
2836,2837,2.0
2837,2838,3.5
2838,2839,3.0
2839,2840,2.0
2840,2841,3.0
2841,2842,3.0
2842,2843,3.5
2843,2844,3.5
2844,2845,2.5
2845,2846,3.0
2846,2847,3.0
2847,2848,3.5
2848,2849,3.0
2849,2850,2.5
2850,2851,2.5
2851,2852,3.0
2852,2853,3.0
2853,2854,3.5
2854,2855,3.5
2855,2856,3.0
2856,2857,3.0
2857,2858,2.5
2858,2859,3.0
2859,2860,3.5
2860,2861,2.0
2861,2862,3.5
2862,2863,3.5
2863,2864,3.0
2864,2865,3.5
2865,2866,2.5
2866,2867,3.0
2867,2868,2.0
2868,2869,3.5
2869,2870,2.5
2870,2871,3.5
2871,2872,3.0
2872,2873,3.0
2873,2874,3.0
2874,2875,3.5
2875,2876,3.0
2876,2877,3.0
2877,2878,2.0
2878,2879,3.5
2879,2880,3.0
2880,2881,3.0
2881,2882,3.5
2882,2883,2.5
2883,2884,3.0
2884,2885,3.5
2885,2886,2.5
2886,2887,3.0
2887,2888,3.0
2888,2889,3.0
2889,2890,3.0
2890,2891,4.0
2891,2892,3.0
2892,2893,3.5
2893,2894,2.5
2894,2895,3.0
2895,2896,3.0
2896,2897,2.5
2897,2898,2.5
2898,2899,2.5
2899,2900,2.5
2900,2901,3.0
2901,2902,2.5
2902,2903,3.0
2903,2904,3.5
2904,2905,3.0
2905,2906,3.0
2906,2907,2.5
2907,2908,3.0
2908,2909,3.0
2909,2910,3.0
2910,2911,2.5
2911,2912,3.5
2912,2913,3.0
2913,2914,3.0
2914,2915,3.5
2915,2916,4.0
2916,2917,3.0
2917,2918,3.5
2918,2919,3.0
2919,2920,2.5
2920,2921,2.5
2921,2922,3.0
2922,2923,3.5
2923,2924,2.5
2924,2925,2.5
2925,2926,2.5
2926,2927,2.5
2927,2928,3.5
2928,2929,3.0
2929,2930,2.5
2930,2931,3.0
2931,2932,2.5
2932,2933,3.0
2933,2934,3.0
2934,2935,2.5
2935,2936,3.0
2936,2937,2.5
2937,2938,3.5
2938,2939,2.5
2939,2940,3.5
2940,2941,3.0
2941,2942,3.0
2942,2943,3.0
2943,2944,2.5
2944,2945,3.0
2945,2946,3.0
2946,2947,3.5
2947,2948,3.5
2948,2949,3.5
2949,2950,3.0
2950,2951,2.5
2951,2952,3.0
2952,2953,3.0
2953,2954,2.5
2954,2955,3.0
2955,2956,3.0
2956,2957,2.5
2957,2958,3.0
2958,2959,2.5
2959,2960,3.0
2960,2961,3.0
2961,2962,3.0
2962,2963,3.0
2963,2964,2.0
2964,2965,3.0
2965,2966,3.0
2966,2967,3.5
2967,2968,3.0
2968,2969,2.5
2969,2970,2.5
2970,2971,2.5
2971,2972,2.5
2972,2973,3.0
2973,2974,3.0
2974,2975,3.0
2975,2976,3.0
2976,2977,3.0
2977,2978,3.0
2978,2979,2.5
2979,2980,2.5
2980,2981,2.5
2981,2982,2.5
2982,2983,3.0
2983,2984,3.0
2984,2985,3.0
2985,2986,3.0
2986,2987,3.5
2987,2988,3.5
2988,2989,3.5
2989,2990,2.5
2990,2991,2.5
2991,2992,2.5
2992,2993,3.5
2993,2994,3.0
2994,2995,3.0
2995,2996,3.0
2996,2997,3.5
2997,2998,3.0
2998,2999,3.5
2999,3000,3.0
3000,3001,3.5
3001,3002,3.5
3002,3003,3.5
3003,3004,3.5
3004,3005,3.0
3005,3006,2.5
3006,3007,3.0
3007,3008,2.5
3008,3009,3.0
3009,3010,3.0
3010,3011,3.0
3011,3012,4.0
3012,3013,3.0
3013,3014,3.0
3014,3015,3.0
3015,3016,3.5
3016,3017,3.0
3017,3018,3.0
3018,3019,3.0
3019,3020,3.5
3020,3021,2.5
3021,3022,2.5
3022,3023,3.0
3023,3024,3.0
3024,3025,3.0
3025,3026,3.0
3026,3027,3.5
3027,3028,3.0
3028,3029,3.0
3029,3030,3.5
3030,3031,2.5
3031,3032,3.0
3032,3033,2.5
3033,3034,3.0
3034,3035,2.5
3035,3036,3.0
3036,3037,3.5
3037,3038,3.0
3038,3039,3.0
3039,3040,2.5
3040,3041,2.5
3041,3042,3.0
3042,3043,2.0
3043,3044,3.0
3044,3045,2.0
3045,3046,2.5
3046,3047,3.5
3047,3048,3.0
3048,3049,3.5
3049,3050,3.0
3050,3051,3.0
3051,3052,3.5
3052,3053,3.0
3053,3054,3.5
3054,3055,3.0
3055,3056,3.0
3056,3057,2.5
3057,3058,3.0
3058,3059,3.5
3059,3060,3.0
3060,3061,3.5
3061,3062,3.0
3062,3063,3.0
3063,3064,3.0
3064,3065,3.0
3065,3066,2.5
3066,3067,3.0
3067,3068,2.5
3068,3069,3.0
3069,3070,2.5
3070,3071,2.5
3071,3072,2.5
3072,3073,3.0
3073,3074,2.5
3074,3075,3.0
3075,3076,3.5
3076,3077,2.5
3077,3078,2.5
3078,3079,3.0
3079,3080,3.5
3080,3081,3.0
3081,3082,3.0
3082,3083,2.5
3083,3084,3.0
3084,3085,3.0
3085,3086,2.5
3086,3087,2.5
3087,3088,3.0
3088,3089,3.0
3089,3090,3.0
3090,3091,3.0
3091,3092,2.5
3092,3093,3.5
3093,3094,3.0
3094,3095,2.5
3095,3096,3.0
3096,3097,2.5
3097,3098,3.5
3098,3099,3.0
3099,3100,2.5
3100,3101,4.0
3101,3102,2.5
3102,3103,3.0
3103,3104,2.5
3104,3105,3.0
3105,3106,3.0
3106,3107,3.0
3107,3108,3.0
3108,3109,3.5
3109,3110,3.5
3110,3111,2.5
3111,3112,3.0
3112,3113,3.0
3113,3114,3.0
3114,3115,3.5
3115,3116,2.5
3116,3117,3.0
3117,3118,3.0
3118,3119,3.5
3119,3120,3.0
3120,3121,2.5
3121,3122,2.5
3122,3123,4.0
3123,3124,2.5
3124,3125,3.0
3125,3126,3.0
3126,3127,3.0
3127,3128,3.0
3128,3129,2.5
3129,3130,2.5
3130,3131,3.0
3131,3132,3.0
3132,3133,2.5
3133,3134,3.0
3134,3135,3.5
3135,3136,3.0
3136,3137,2.5
3137,3138,3.0
3138,3139,3.0
3139,3140,3.5
3140,3141,2.5
3141,3142,2.5
3142,3143,2.5
3143,3144,2.5
3144,3145,2.5
3145,3146,2.5
3146,3147,3.0
3147,3148,3.0
3148,3149,3.0
3149,3150,3.0
3150,3151,3.0
3151,3152,3.0
3152,3153,2.5
3153,3154,3.0
3154,3155,3.0
3155,3156,2.0
3156,3157,2.5
3157,3158,3.0
3158,3159,2.0
3159,3160,3.0
3160,3161,2.5
3161,3162,3.5
3162,3163,3.0
3163,3164,3.0
3164,3165,2.5
3165,3166,3.0
3166,3167,3.0
3167,3168,3.0
3168,3169,3.0
3169,3170,2.0
3170,3171,3.0
3171,3172,3.0
3172,3173,3.5
3173,3174,3.0
3174,3175,3.5
3175,3176,4.0
3176,3177,3.0
3177,3178,3.0
3178,3179,2.0
3179,3180,3.0
3180,3181,2.5
3181,3182,3.0
3182,3183,3.0
3183,3184,3.0
3184,3185,2.5
3185,3186,3.0
3186,3187,3.0
3187,3188,3.5
3188,3189,2.5
3189,3190,3.0
3190,3191,3.0
3191,3192,3.5
3192,3193,2.5
3193,3194,2.5
3194,3195,2.0
3195,3196,2.5
3196,3197,3.0
3197,3198,3.5
3198,3199,3.0
3199,3200,3.0
3200,3201,3.0
3201,3202,2.5
3202,3203,3.5
3203,3204,3.0
3204,3205,3.5
3205,3206,3.5
3206,3207,3.5
3207,3208,2.0
3208,3209,3.0
3209,3210,2.0
3210,3211,2.5
3211,3212,2.5
3212,3213,3.0
3213,3214,3.0
3214,3215,3.0
3215,3216,3.0
3216,3217,3.0
3217,3218,3.5
3218,3219,4.0
3219,3220,2.5
3220,3221,3.0
3221,3222,4.0
3222,3223,2.5
3223,3224,3.0
3224,3225,3.0
3225,3226,2.5
3226,3227,3.0
3227,3228,3.0
3228,3229,3.0
3229,3230,3.5
3230,3231,3.0
3231,3232,3.5
3232,3233,3.0
3233,3234,2.5
3234,3235,3.0
3235,3236,3.0
3236,3237,3.0
3237,3238,2.5
3238,3239,3.0
3239,3240,3.0
3240,3241,2.0
3241,3242,3.0
3242,3243,2.5
3243,3244,3.0
3244,3245,3.0
3245,3246,3.0
3246,3247,3.0
3247,3248,2.0
3248,3249,3.0
3249,3250,3.0
3250,3251,3.0
3251,3252,2.0
3252,3253,3.0
3253,3254,3.0
3254,3255,3.0
3255,3256,3.0
3256,3257,3.0
3257,3258,3.0
3258,3259,3.0
3259,3260,3.0
3260,3261,3.0
3261,3262,3.0
3262,3263,2.5
3263,3264,3.0
3264,3265,3.5
3265,3266,3.5
3266,3267,3.5
3267,3268,2.5
3268,3269,3.0
3269,3270,2.5
3270,3271,2.0
3271,3272,3.5
3272,3273,3.0
3273,3274,2.5
3274,3275,3.5
3275,3276,3.5
3276,3277,2.5
3277,3278,3.0
3278,3279,3.5
3279,3280,3.0
3280,3281,2.5
3281,3282,3.0
3282,3283,2.5
3283,3284,3.0
3284,3285,3.0
3285,3286,3.0
3286,3287,3.0
3287,3288,3.0
3288,3289,3.0
3289,3290,3.5
3290,3291,3.5
3291,3292,2.5
3292,3293,3.0
3293,3294,3.0
3294,3295,2.5
3295,3296,3.0
3296,3297,3.5
3297,3298,3.0
3298,3299,3.0
3299,3300,3.0
3300,3301,3.5
3301,3302,2.5
3302,3303,3.0
3303,3304,3.0
3304,3305,3.5
3305,3306,3.0
3306,3307,3.5
3307,3308,3.0
3308,3309,2.0
3309,3310,3.0
3310,3311,3.0
3311,3312,3.0
3312,3313,2.5
3313,3314,3.0
3314,3315,2.5
3315,3316,3.0
3316,3317,3.0
3317,3318,2.5
3318,3319,3.5
3319,3320,3.0
3320,3321,3.0
3321,3322,3.0
3322,3323,3.5
3323,3324,2.5
3324,3325,3.5
3325,3326,3.5
3326,3327,3.0
3327,3328,3.0
3328,3329,2.5
3329,3330,3.5
3330,3331,2.0
3331,3332,4.0
3332,3333,3.0
3333,3334,3.0
3334,3335,3.0
3335,3336,3.5
3336,3337,2.5
3337,3338,3.0
3338,3339,2.5
3339,3340,3.5
3340,3341,3.0
3341,3342,3.0
3342,3343,3.0
3343,3344,3.0
3344,3345,2.0
3345,3346,3.0
3346,3347,3.0
3347,3348,3.5
3348,3349,3.0
3349,3350,3.5
3350,3351,3.5
3351,3352,3.0
3352,3353,3.0
3353,3354,3.0
3354,3355,2.5
3355,3356,3.0
3356,3357,3.5
3357,3358,3.0
3358,3359,3.5
3359,3360,2.5
3360,3361,3.0
3361,3362,3.0
3362,3363,2.5
3363,3364,3.0
3364,3365,2.5
3365,3366,2.5
3366,3367,3.0
3367,3368,2.5
3368,3369,3.0
3369,3370,2.0
3370,3371,3.0
3371,3372,3.0
3372,3373,3.0
3373,3374,2.5
3374,3375,3.5
3375,3376,3.0
3376,3377,3.0
3377,3378,2.5
3378,3379,3.0
3379,3380,3.0
3380,3381,2.5
3381,3382,3.0
3382,3383,2.0
3383,3384,3.0
3384,3385,2.5
3385,3386,3.5
3386,3387,2.0
3387,3388,2.5
3388,3389,3.0
3389,3390,3.0
3390,3391,3.0
3391,3392,3.5
3392,3393,3.0
3393,3394,2.5
3394,3395,3.0
3395,3396,3.0
3396,3397,3.0
3397,3398,2.5
3398,3399,3.0
3399,3400,3.0
3400,3401,3.5
3401,3402,3.0
3402,3403,2.5
3403,3404,3.0
3404,3405,2.5
3405,3406,3.0
3406,3407,3.0
3407,3408,2.5
3408,3409,3.0
3409,3410,3.0
3410,3411,3.0
3411,3412,3.0
3412,3413,2.5
3413,3414,3.0
3414,3415,3.0
3415,3416,3.5
3416,3417,3.5
3417,3418,3.0
3418,3419,3.0
3419,3420,3.0
3420,3421,3.5
3421,3422,3.0
3422,3423,3.0
3423,3424,3.5
3424,3425,4.0
3425,3426,2.5
3426,3427,3.5
3427,3428,2.5
3428,3429,3.0
3429,3430,3.5
3430,3431,2.5
3431,3432,3.5
3432,3433,3.0
3433,3434,2.5
3434,3435,3.0
3435,3436,3.5
3436,3437,3.0
3437,3438,2.5
3438,3439,2.5
3439,3440,2.5
3440,3441,3.0
3441,3442,3.5
3442,3443,4.0
3443,3444,3.0
3444,3445,3.0
3445,3446,2.5
3446,3447,3.5
3447,3448,2.0
3448,3449,3.0
3449,3450,3.5
3450,3451,3.0
3451,3452,2.5
3452,3453,2.5
3453,3454,3.0
3454,3455,3.0
3455,3456,3.0
3456,3457,2.5
3457,3458,3.0
3458,3459,3.0
3459,3460,3.0
3460,3461,3.0
3461,3462,3.5
3462,3463,2.5
3463,3464,2.0
3464,3465,3.0
3465,3466,3.5
3466,3467,3.0
3467,3468,3.0
3468,3469,2.5
3469,3470,3.0
3470,3471,3.5
3471,3472,3.0
3472,3473,3.0
3473,3474,3.0
3474,3475,3.0
3475,3476,3.0
3476,3477,3.0
3477,3478,3.0
3478,3479,2.5
3479,3480,3.5
3480,3481,3.0
3481,3482,2.5
3482,3483,3.0
3483,3484,3.0
3484,3485,2.5
3485,3486,3.5
3486,3487,3.0
3487,3488,3.0
3488,3489,3.0
3489,3490,2.5
3490,3491,3.5
3491,3492,3.0
3492,3493,3.0
3493,3494,3.5
3494,3495,3.0
3495,3496,3.0
3496,3497,3.0
3497,3498,2.5
3498,3499,3.0
3499,3500,3.5
3500,3501,3.0
3501,3502,3.0
3502,3503,3.0
3503,3504,3.0
3504,3505,2.5
3505,3506,2.0
3506,3507,3.5
3507,3508,2.5
3508,3509,2.5
3509,3510,3.0
3510,3511,3.5
3511,3512,2.5
3512,3513,3.0
3513,3514,3.5
3514,3515,3.0
3515,3516,3.0
3516,3517,3.0
3517,3518,2.5
3518,3519,2.0
3519,3520,2.0
3520,3521,2.0
3521,3522,3.0
3522,3523,3.5
3523,3524,3.0
3524,3525,2.0
3525,3526,3.5
3526,3527,3.0
3527,3528,3.5
3528,3529,3.0
3529,3530,3.0
3530,3531,3.0
3531,3532,3.0
3532,3533,2.5
3533,3534,2.0
3534,3535,3.5
3535,3536,3.0
3536,3537,3.0
3537,3538,2.0
3538,3539,3.0
3539,3540,2.0
3540,3541,2.5
3541,3542,3.0
3542,3543,3.0
3543,3544,3.0
3544,3545,3.0
3545,3546,2.0
3546,3547,3.5
3547,3548,2.5
3548,3549,3.5
3549,3550,3.5
3550,3551,3.0
3551,3552,3.5
3552,3553,3.0
3553,3554,3.0
3554,3555,2.5
3555,3556,3.5
3556,3557,3.0
3557,3558,2.0
3558,3559,2.5
3559,3560,3.5
3560,3561,2.5
3561,3562,3.0
3562,3563,3.0
3563,3564,3.0
3564,3565,2.5
3565,3566,3.0
3566,3567,2.0
3567,3568,3.5
3568,3569,2.5
3569,3570,3.0
3570,3571,3.0
3571,3572,3.5
3572,3573,2.5
3573,3574,3.5
3574,3575,3.0
3575,3576,3.5
3576,3577,3.0
3577,3578,3.0
3578,3579,3.5
3579,3580,3.0
3580,3581,3.0
3581,3582,2.5
3582,3583,3.0
3583,3584,3.5
3584,3585,3.0
3585,3586,3.0
3586,3587,3.0
3587,3588,3.0
3588,3589,3.0
3589,3590,3.0
3590,3591,3.5
3591,3592,3.5
3592,3593,3.0
3593,3594,3.0
3594,3595,3.0
3595,3596,3.0
3596,3597,4.0
3597,3598,3.0
3598,3599,2.0
3599,3600,2.5
3600,3601,3.0
3601,3602,3.5
3602,3603,3.0
3603,3604,3.0
3604,3605,2.0
3605,3606,3.0
3606,3607,3.0
3607,3608,3.0
3608,3609,3.5
3609,3610,3.0
3610,3611,3.0
3611,3612,3.0
3612,3613,3.0
3613,3614,3.0
3614,3615,3.0
3615,3616,3.0
3616,3617,3.5
3617,3618,3.0
3618,3619,3.0
3619,3620,3.0
3620,3621,2.0
3621,3622,3.0
3622,3623,3.0
3623,3624,3.5
3624,3625,2.5
3625,3626,2.5
3626,3627,2.5
3627,3628,3.0
3628,3629,2.5
3629,3630,3.0
3630,3631,2.5
3631,3632,3.0
3632,3633,2.5
3633,3634,3.0
3634,3635,3.0
3635,3636,3.0
3636,3637,2.5
3637,3638,3.0
3638,3639,3.0
3639,3640,3.0
3640,3641,3.5
3641,3642,2.5
3642,3643,2.5
3643,3644,2.5
3644,3645,3.0
3645,3646,2.5
3646,3647,3.5
3647,3648,3.0
3648,3649,3.5
3649,3650,2.5
3650,3651,3.0
3651,3652,3.0
3652,3653,3.0
3653,3654,3.0
3654,3655,3.5
3655,3656,2.5
3656,3657,3.5
3657,3658,3.5
3658,3659,3.0
3659,3660,3.0
3660,3661,2.5
3661,3662,3.5
3662,3663,2.0
3663,3664,3.0
3664,3665,2.5
3665,3666,3.5
3666,3667,3.0
3667,3668,2.5
3668,3669,3.0
3669,3670,2.5
3670,3671,3.0
3671,3672,3.5
3672,3673,3.0
3673,3674,3.0
3674,3675,3.0
3675,3676,2.5
3676,3677,3.0
3677,3678,3.0
3678,3679,3.0
3679,3680,3.5
3680,3681,3.5
3681,3682,3.0
3682,3683,3.0
3683,3684,3.0
3684,3685,3.0
3685,3686,2.0
3686,3687,3.0
3687,3688,2.5
3688,3689,3.0
3689,3690,3.0
3690,3691,2.5
3691,3692,3.0
3692,3693,3.0
3693,3694,3.0
3694,3695,3.0
3695,3696,3.0
3696,3697,3.0
3697,3698,3.5
3698,3699,2.0
3699,3700,3.0
3700,3701,2.5
3701,3702,3.0
3702,3703,3.0
3703,3704,2.5
3704,3705,3.5
3705,3706,3.0
3706,3707,3.0
3707,3708,3.0
3708,3709,3.0
3709,3710,3.0
3710,3711,3.0
3711,3712,2.5
3712,3713,3.0
3713,3714,3.0
3714,3715,2.5
3715,3716,3.0
3716,3717,3.0
3717,3718,3.0
3718,3719,3.5
3719,3720,3.0
3720,3721,3.0
3721,3722,3.0
3722,3723,2.5
3723,3724,3.0
3724,3725,2.5
3725,3726,3.5
3726,3727,2.0
3727,3728,3.0
3728,3729,3.5
3729,3730,3.0
3730,3731,3.0
3731,3732,3.5
3732,3733,3.5
3733,3734,3.0
3734,3735,3.0
3735,3736,2.5
3736,3737,3.0
3737,3738,3.5
3738,3739,3.5
3739,3740,3.0
3740,3741,3.0
3741,3742,2.5
3742,3743,2.5
3743,3744,2.0
3744,3745,3.0
3745,3746,3.0
3746,3747,3.0
3747,3748,3.0
3748,3749,3.5
3749,3750,2.5
3750,3751,3.0
3751,3752,2.5
3752,3753,3.0
3753,3754,3.0
3754,3755,2.0
3755,3756,2.5
3756,3757,2.5
3757,3758,3.0
3758,3759,2.5
3759,3760,3.0
3760,3761,2.5
3761,3762,3.5
3762,3763,2.5
3763,3764,3.5
3764,3765,2.5
3765,3766,3.5
3766,3767,3.0
3767,3768,2.5
3768,3769,2.5
3769,3770,3.0
3770,3771,3.0
3771,3772,3.0
3772,3773,3.5
3773,3774,3.0
3774,3775,3.0
3775,3776,3.0
3776,3777,3.5
3777,3778,2.5
3778,3779,3.0
3779,3780,3.0
3780,3781,2.5
3781,3782,4.0
3782,3783,3.5
3783,3784,4.0
3784,3785,2.5
3785,3786,3.0
3786,3787,3.5
3787,3788,3.0
3788,3789,3.0
3789,3790,3.0
3790,3791,3.0
3791,3792,3.0
3792,3793,2.0
3793,3794,3.5
3794,3795,2.5
3795,3796,3.0
3796,3797,3.0
3797,3798,3.0
3798,3799,2.5
3799,3800,3.0
3800,3801,3.0
3801,3802,4.0
3802,3803,2.5
3803,3804,3.0
3804,3805,2.5
3805,3806,3.5
3806,3807,3.0
3807,3808,3.5
3808,3809,2.0
3809,3810,3.0
3810,3811,3.0
3811,3812,3.0
3812,3813,3.0
3813,3814,3.0
3814,3815,3.0
3815,3816,4.0
3816,3817,2.5
3817,3818,3.0
3818,3819,3.0
3819,3820,2.5
3820,3821,3.0
3821,3822,3.0
3822,3823,3.5
3823,3824,3.0
3824,3825,3.0
3825,3826,2.5
3826,3827,3.5
3827,3828,3.0
3828,3829,2.5
3829,3830,3.0
3830,3831,3.0
3831,3832,3.0
3832,3833,3.0
3833,3834,3.0
3834,3835,3.0
3835,3836,2.5
3836,3837,2.5
3837,3838,3.0
3838,3839,3.0
3839,3840,3.0
3840,3841,3.5
3841,3842,3.0
3842,3843,2.5
3843,3844,3.0
3844,3845,3.0
3845,3846,3.0
3846,3847,2.5
3847,3848,2.5
3848,3849,3.0
3849,3850,2.0
3850,3851,3.5
3851,3852,2.0
3852,3853,3.5
3853,3854,3.0
3854,3855,2.5
3855,3856,3.0
3856,3857,2.5
3857,3858,3.0
3858,3859,3.0
3859,3860,2.5
3860,3861,3.0
3861,3862,3.0
3862,3863,3.0
3863,3864,3.0
3864,3865,3.0
3865,3866,3.0
3866,3867,3.0
3867,3868,3.0
3868,3869,2.5
3869,3870,3.0
3870,3871,2.5
3871,3872,2.5
3872,3873,3.0
3873,3874,2.5
3874,3875,2.5
3875,3876,3.0
3876,3877,3.0
3877,3878,2.0
3878,3879,3.5
3879,3880,3.0
3880,3881,2.5
3881,3882,3.0
3882,3883,2.5
3883,3884,3.0
3884,3885,3.0
3885,3886,3.0
3886,3887,2.0
3887,3888,3.0
3888,3889,3.5
3889,3890,3.0
3890,3891,2.0
3891,3892,2.5
3892,3893,3.0
3893,3894,3.0
3894,3895,3.0
3895,3896,3.0
3896,3897,3.5
3897,3898,3.0
3898,3899,2.0
3899,3900,3.0
3900,3901,3.0
3901,3902,3.0
3902,3903,2.0
3903,3904,2.5
3904,3905,2.5
3905,3906,3.0
3906,3907,3.0
3907,3908,3.5
3908,3909,3.0
3909,3910,3.0
3910,3911,2.0
3911,3912,3.0
3912,3913,2.5
3913,3914,2.5
3914,3915,3.5
3915,3916,3.0
3916,3917,3.0
3917,3918,3.5
3918,3919,3.5
3919,3920,3.0
3920,3921,3.0
3921,3922,3.0
3922,3923,2.5
3923,3924,2.5
3924,3925,2.5
3925,3926,3.0
3926,3927,3.0
3927,3928,3.0
3928,3929,3.0
3929,3930,3.5
3930,3931,2.5
3931,3932,3.0
3932,3933,3.5
3933,3934,3.0
3934,3935,2.5
3935,3936,3.0
3936,3937,3.0
3937,3938,2.0
3938,3939,3.0
3939,3940,3.0
3940,3941,3.0
3941,3942,3.0
3942,3943,3.0
3943,3944,2.5
3944,3945,3.0
3945,3946,3.0
3946,3947,3.5
3947,3948,3.0
3948,3949,3.0
3949,3950,3.0
3950,3951,3.5
3951,3952,3.0
3952,3953,3.0
3953,3954,3.5
3954,3955,2.5
3955,3956,3.0
3956,3957,2.5
3957,3958,3.0
3958,3959,2.5
3959,3960,3.5
3960,3961,2.5
3961,3962,3.5
3962,3963,3.0
3963,3964,3.5
3964,3965,3.0
3965,3966,3.0
3966,3967,2.5
3967,3968,3.0
3968,3969,3.0
3969,3970,3.0
3970,3971,3.0
3971,3972,3.0
3972,3973,4.0
3973,3974,3.0
3974,3975,2.5
3975,3976,3.0
3976,3977,2.0
3977,3978,2.5
3978,3979,3.0
3979,3980,2.5
3980,3981,3.0
3981,3982,3.0
3982,3983,2.5
3983,3984,3.0
3984,3985,2.5
3985,3986,3.0
3986,3987,3.0
3987,3988,2.5
3988,3989,3.0
3989,3990,3.0
3990,3991,2.0
3991,3992,2.5
3992,3993,3.0
3993,3994,3.5
3994,3995,3.0
3995,3996,2.5
3996,3997,2.5
3997,3998,3.0
3998,3999,3.5
3999,4000,3.0
4000,4001,3.0
4001,4002,3.0
4002,4003,3.0
4003,4004,2.5
4004,4005,3.5
4005,4006,2.5
4006,4007,3.0
4007,4008,3.0
4008,4009,3.0
4009,4010,3.0
4010,4011,3.5
4011,4012,3.5
4012,4013,2.5
4013,4014,2.5
4014,4015,2.5
4015,4016,4.0
4016,4017,3.5
4017,4018,3.0
4018,4019,3.0
4019,4020,3.5
4020,4021,3.0
4021,4022,3.0
4022,4023,2.5
4023,4024,3.0
4024,4025,3.0
4025,4026,2.5
4026,4027,3.5
4027,4028,3.0
4028,4029,2.5
4029,4030,2.0
4030,4031,3.0
4031,4032,2.5
4032,4033,3.0
4033,4034,3.5
4034,4035,3.0
4035,4036,3.0
4036,4037,3.5
4037,4038,3.0
4038,4039,3.0
4039,4040,3.0
4040,4041,3.0
4041,4042,3.0
4042,4043,4.0
4043,4044,3.5
4044,4045,3.0
4045,4046,3.0
4046,4047,3.0
4047,4048,3.0
4048,4049,3.0
4049,4050,3.0
4050,4051,3.0
4051,4052,3.0
4052,4053,3.0
4053,4054,3.0
4054,4055,3.0
4055,4056,3.0
4056,4057,3.5
4057,4058,3.0
4058,4059,3.5
4059,4060,2.5
4060,4061,3.0
4061,4062,3.0
4062,4063,3.0
4063,4064,3.0
4064,4065,3.5
4065,4066,2.0
4066,4067,3.0
4067,4068,2.5
4068,4069,3.5
4069,4070,4.0
4070,4071,3.5
4071,4072,3.0
4072,4073,2.5
4073,4074,2.5
4074,4075,2.0
4075,4076,3.0
4076,4077,2.5
4077,4078,3.0
4078,4079,3.0
4079,4080,3.0
4080,4081,3.0
4081,4082,3.0
4082,4083,2.5
4083,4084,2.5
4084,4085,3.0
4085,4086,2.5
4086,4087,3.0
4087,4088,3.0
4088,4089,3.5
4089,4090,2.0
4090,4091,3.0
4091,4092,3.0
4092,4093,2.5
4093,4094,3.0
4094,4095,2.5
4095,4096,3.0
4096,4097,2.5
4097,4098,3.0
4098,4099,3.0
4099,4100,3.0
4100,4101,3.0
4101,4102,2.0
4102,4103,2.0
4103,4104,2.5
4104,4105,2.5
4105,4106,3.0
4106,4107,3.5
4107,4108,2.5
4108,4109,3.0
4109,4110,2.5
4110,4111,3.0
4111,4112,3.0
4112,4113,2.5
4113,4114,3.0
4114,4115,3.0
4115,4116,3.5
4116,4117,3.0
4117,4118,3.0
4118,4119,3.0
4119,4120,3.5
4120,4121,3.0
4121,4122,3.0
4122,4123,2.5
4123,4124,3.0
4124,4125,3.5
4125,4126,3.0
4126,4127,3.5
4127,4128,3.5
4128,4129,3.0
4129,4130,3.0
4130,4131,3.0
4131,4132,3.0
4132,4133,3.0
4133,4134,3.0
4134,4135,2.5
4135,4136,2.5
4136,4137,3.5
4137,4138,3.0
4138,4139,3.0
4139,4140,3.0
4140,4141,3.0
4141,4142,2.5
4142,4143,3.0
4143,4144,3.0
4144,4145,3.5
4145,4146,3.0
4146,4147,3.5
4147,4148,3.0
4148,4149,3.0
4149,4150,3.5
4150,4151,2.5
4151,4152,3.0
4152,4153,3.0
4153,4154,3.5
4154,4155,3.0
4155,4156,3.0
4156,4157,2.5
4157,4158,2.5
4158,4159,3.0
4159,4160,3.0
4160,4161,3.0
4161,4162,3.5
4162,4163,3.0
4163,4164,2.5
4164,4165,3.0
4165,4166,2.5
4166,4167,3.0
4167,4168,3.5
4168,4169,3.0
4169,4170,3.5
4170,4171,3.0
4171,4172,3.0
4172,4173,2.5
4173,4174,3.0
4174,4175,3.0
4175,4176,3.0
4176,4177,2.0
4177,4178,3.0
4178,4179,3.0
4179,4180,3.0
4180,4181,3.0
4181,4182,2.0
4182,4183,3.0
4183,4184,3.5
4184,4185,3.0
4185,4186,3.0
4186,4187,2.5
4187,4188,2.5
4188,4189,2.5
4189,4190,3.0
4190,4191,2.5
4191,4192,2.5
4192,4193,3.0
4193,4194,2.5
4194,4195,3.0
4195,4196,3.5
4196,4197,2.0
4197,4198,3.0
4198,4199,2.5
4199,4200,2.5
4200,4201,3.0
4201,4202,3.0
4202,4203,2.0
4203,4204,3.5
4204,4205,3.0
4205,4206,3.0
4206,4207,3.5
4207,4208,3.0
4208,4209,3.5
4209,4210,2.5
4210,4211,3.0
4211,4212,3.0
4212,4213,3.0
4213,4214,3.0
4214,4215,3.0
4215,4216,3.0
4216,4217,3.0
4217,4218,3.0
4218,4219,3.0
4219,4220,3.0
4220,4221,3.0
4221,4222,3.5
4222,4223,2.5
4223,4224,3.0
4224,4225,2.5
4225,4226,2.5
4226,4227,3.0
4227,4228,3.0
4228,4229,3.5
4229,4230,2.0
4230,4231,3.0
4231,4232,3.0
4232,4233,3.0
4233,4234,3.0
4234,4235,3.0
4235,4236,3.5
4236,4237,3.0
4237,4238,3.0
4238,4239,3.5
4239,4240,2.5
4240,4241,4.0
4241,4242,3.5
4242,4243,2.5
4243,4244,3.0
4244,4245,3.0
4245,4246,3.0
4246,4247,2.5
4247,4248,3.0
4248,4249,3.5
4249,4250,2.5
4250,4251,3.5
4251,4252,2.5
4252,4253,3.0
4253,4254,2.5
4254,4255,3.5
4255,4256,3.0
4256,4257,3.5
4257,4258,3.0
4258,4259,2.5
4259,4260,2.5
4260,4261,3.5
4261,4262,3.0
4262,4263,3.0
4263,4264,3.0
4264,4265,3.0
4265,4266,3.0
4266,4267,3.0
4267,4268,3.0
4268,4269,3.5
4269,4270,3.0
4270,4271,3.0
4271,4272,3.0
4272,4273,3.5
4273,4274,3.5
4274,4275,2.0
4275,4276,3.0
4276,4277,3.5
4277,4278,2.5
4278,4279,2.5
4279,4280,3.5
4280,4281,3.0
4281,4282,2.5
4282,4283,3.5
4283,4284,3.5
4284,4285,3.0
4285,4286,2.0
4286,4287,3.5
4287,4288,4.0
4288,4289,3.5
4289,4290,3.5
4290,4291,2.5
4291,4292,3.0
4292,4293,2.5
4293,4294,3.5
4294,4295,3.0
4295,4296,3.5
4296,4297,3.5
4297,4298,3.0
4298,4299,3.0
4299,4300,2.5
4300,4301,3.5
4301,4302,2.5
4302,4303,3.0
4303,4304,3.0
4304,4305,2.5
4305,4306,3.0
4306,4307,2.0
4307,4308,3.5
4308,4309,3.0
4309,4310,2.0
4310,4311,3.0
4311,4312,3.0
4312,4313,3.5
4313,4314,3.5
4314,4315,2.5
4315,4316,3.0
4316,4317,3.0
4317,4318,3.5
4318,4319,3.0
4319,4320,2.5
4320,4321,2.5
4321,4322,3.0
4322,4323,3.0
4323,4324,3.5
4324,4325,3.5
4325,4326,3.0
4326,4327,3.0
4327,4328,2.5
4328,4329,3.0
4329,4330,3.5
4330,4331,2.0
4331,4332,3.5
4332,4333,3.5
4333,4334,3.0
4334,4335,3.5
4335,4336,2.5
4336,4337,3.0
4337,4338,2.0
4338,4339,3.5
4339,4340,2.5
4340,4341,3.5
4341,4342,3.0
4342,4343,3.0
4343,4344,3.0
4344,4345,3.5
4345,4346,3.0
4346,4347,3.0
4347,4348,2.0
4348,4349,3.5
4349,4350,3.0
4350,4351,3.0
4351,4352,3.5
4352,4353,2.5
4353,4354,3.0
4354,4355,3.5
4355,4356,2.5
4356,4357,3.0
4357,4358,3.0
4358,4359,3.0
4359,4360,3.0
4360,4361,4.0
4361,4362,3.0
4362,4363,3.5
4363,4364,2.5
4364,4365,3.0
4365,4366,3.0
4366,4367,2.5
4367,4368,2.5
4368,4369,2.5
4369,4370,2.5
4370,4371,3.0
4371,4372,2.5
4372,4373,3.0
4373,4374,3.5
4374,4375,3.0
4375,4376,3.0
4376,4377,2.5
4377,4378,3.0
4378,4379,3.0
4379,4380,3.0
4380,4381,2.5
4381,4382,3.5
4382,4383,3.0
4383,4384,3.0
4384,4385,3.5
4385,4386,4.0
4386,4387,3.0
4387,4388,3.5
4388,4389,3.0
4389,4390,2.5
4390,4391,2.5
4391,4392,3.0
4392,4393,3.5
4393,4394,2.5
4394,4395,2.5
4395,4396,2.5
4396,4397,2.5
4397,4398,3.5
4398,4399,3.0
4399,4400,2.5
4400,4401,3.0
4401,4402,2.5
4402,4403,3.0
4403,4404,3.0
4404,4405,2.5
4405,4406,3.0
4406,4407,2.5
4407,4408,3.5
4408,4409,2.5
4409,4410,3.5
